,ts,acc,baseline_flops,remaining_flops
0,1.0,0.3555,0.41651999999999995,0.02346
